"","X","Y","FFMC","DMC","DC","ISI","temp","RH","wind","rain","area","ordinal_day","log_area","boxcox_ffmc","log_isi","log_RH","log_rain"
"6",8,6,92.3,85.3,488,14.7,22.2,29,5.4,0,0,7,0,0.890511365671336,2.75366071235426,3.40119738166216,0
"7",8,6,92.3,88.9,495.6,8.5,24.1,27,3.1,0,0,1,0,0.890511365671336,2.2512917986065,3.3322045101752,0
"8",8,6,91.5,145.4,608.2,10.7,8,86,2.2,0,0,1,0,0.868612108868087,2.45958884180371,4.46590811865458,0
"9",8,6,91,129.5,692.6,7,13.1,63,5.4,0,0,2,0,0.855021873406793,2.07944154167984,4.15888308335967,0
"10",7,5,92.5,88,698.6,7.1,22.8,40,4,0,0,6,0,0.896015964488192,2.09186406167839,3.71357206670431,0
"11",7,5,92.5,88,698.6,7.1,17.8,51,7.2,0,0,6,0,0.896015964488192,2.09186406167839,3.95124371858143,0
"12",7,5,92.8,73.2,713,22.6,19.3,38,4,0,0,6,0,0.904295201167826,3.16124671203156,3.66356164612965,0
"13",6,5,63.5,70.8,665.3,0.8,17,72,6.7,0,0,5,0,0.222230697888471,0.587786664902119,4.29045944114839,0
"14",6,5,90.9,126.5,686.5,7,21.3,42,2.2,0,0,1,0,0.85231276170625,2.07944154167984,3.76120011569356,0
"15",6,5,92.9,133.3,699.6,9.2,26.4,21,4.5,0,0,3,0,0.907060903647922,2.32238772029023,3.09104245335832,0
"16",6,5,93.3,141.2,713.9,13.9,22.9,44,5.4,0,0,5,0,0.918153498163136,2.70136121295141,3.80666248977032,0
"21",6,4,91,129.5,692.6,7,18.3,40,2.7,0,0,2,0,0.855021873406793,2.07944154167984,3.71357206670431,0
"22",5,4,91.8,78.5,724.3,9.2,19.1,38,2.7,0,0,1,0,0.876801991703126,2.32238772029023,3.66356164612965,0
"24",7,4,90.2,110.9,537.4,6.2,19.5,43,5.8,0,0,6,0,0.833432376820908,1.97408102602201,3.78418963391826,0
"25",7,4,93.5,139.4,594.2,20.3,23.7,32,5.8,0,0,6,0,0.923717666174362,3.05870707271538,3.49650756146648,0
"26",7,4,91.4,142.4,601.4,10.6,16.3,60,5.4,0,0,7,0,0.865888104848815,2.45100509811232,4.11087386417331,0
"27",7,4,92.4,117.9,668,12.2,19,34,5.8,0,0,5,0,0.893262175849317,2.58021682959233,3.55534806148941,0
"28",7,4,90.9,126.5,686.5,7,19.4,48,1.3,0,0,1,0,0.85231276170625,2.07944154167984,3.89182029811063,0
"29",6,3,93.4,145.4,721.4,8.1,30.2,24,2.7,0,0,6,0,0.920934092939476,2.2082744135228,3.2188758248682,0
"30",6,3,93.5,149.3,728.6,8.1,22.8,39,3.6,0,0,7,0,0.923717666174362,2.2082744135228,3.68887945411394,0
"31",6,3,94.3,85.1,692.3,15.9,25.4,24,3.6,0,0,5,0,0.946093476533177,2.82731362192903,3.2188758248682,0
"32",6,3,88.6,91.8,709.9,7.1,11.2,78,7.6,0,0,1,0,0.790825249274601,2.09186406167839,4.36944785246702,0
"33",6,3,88.6,69.7,706.8,5.8,20.6,37,1.8,0,0,5,0,0.790825249274601,1.91692261218206,3.63758615972639,0
"34",6,3,91.7,75.6,718.3,7.8,17.7,39,3.6,0,0,7,0,0.87406905229548,2.17475172148416,3.68887945411394,0
"35",6,3,91.8,78.5,724.3,9.2,21.2,32,2.7,0,0,1,0,0.876801991703126,2.32238772029023,3.49650756146648,0
"36",6,3,90.3,80.7,730.2,6.3,18.2,62,4.5,0,0,2,0,0.836120639265151,1.98787434815435,4.14313472639153,0
"42",4,4,90.2,96.9,624.2,8.9,18.4,42,6.7,0,0,6,0,0.833432376820908,2.29253475714054,3.76120011569356,0
"43",4,4,94.8,108.3,647.1,17,16.6,54,5.4,0,0,2,0,0.960175157849778,2.89037175789616,4.00733318523247,0
"44",4,4,92.5,88,698.6,7.1,19.6,48,2.7,0,0,6,0,0.896015964488192,2.09186406167839,3.89182029811063,0
"45",4,4,90.1,82.9,735.7,6.2,12.9,74,4.9,0,0,3,0,0.830747092842814,1.97408102602201,4.31748811353631,0
"46",5,6,94.3,85.1,692.3,15.9,25.9,24,4,0,0,3,0,0.946093476533177,2.82731362192903,3.2188758248682,0
"47",5,6,90.9,126.5,686.5,7,14.7,70,3.6,0,0,1,0,0.85231276170625,2.07944154167984,4.26267987704132,0
"51",4,4,92.9,137,706.4,9.2,20.8,17,1.3,0,0,4,0,0.907060903647922,2.32238772029023,2.89037175789616,0
"52",4,3,90.2,99.6,631.2,6.3,21.5,34,2.2,0,0,7,0,0.833432376820908,1.98787434815435,3.55534806148941,0
"53",4,3,92.1,111.2,654.1,9.6,20.4,42,4.9,0,0,3,0,0.885018680699004,2.36085400111802,3.76120011569356,0
"54",4,3,92.1,111.2,654.1,9.6,20.4,42,4.9,0,0,3,0,0.885018680699004,2.36085400111802,3.76120011569356,0
"55",4,3,91.7,114.3,661.3,6.3,17.6,45,3.6,0,0,4,0,0.87406905229548,1.98787434815435,3.8286413964891,0
"56",4,3,92.9,137,706.4,9.2,27.7,24,2.2,0,0,4,0,0.907060903647922,2.32238772029023,3.2188758248682,0
"57",4,3,90.3,80.7,730.2,6.3,17.8,63,4.9,0,0,2,0,0.836120639265151,1.98787434815435,4.15888308335967,0
"63",2,2,93,75.3,466.6,7.7,18.8,35,4.9,0,0,4,0,0.909829584587736,2.16332302566054,3.58351893845611,0
"64",2,2,90.2,99.6,631.2,6.3,20.8,33,2.7,0,0,7,0,0.833432376820908,1.98787434815435,3.52636052461616,0
"65",2,2,91.1,103.2,638.8,5.8,23.1,31,3.1,0,0,1,0,0.857733963571561,1.91692261218206,3.46573590279973,0
"66",2,2,91.7,114.3,661.3,6.3,18.6,44,4.5,0,0,4,0,0.87406905229548,1.98787434815435,3.80666248977032,0
"67",2,2,92.4,117.9,668,12.2,23,37,4.5,0,0,5,0,0.893262175849317,2.58021682959233,3.63758615972639,0
"68",2,2,92.4,117.9,668,12.2,19.6,33,5.4,0,0,5,0,0.893262175849317,2.58021682959233,3.52636052461616,0
"69",2,2,92.4,117.9,668,12.2,19.6,33,6.3,0,0,5,0,0.893262175849317,2.58021682959233,3.52636052461616,0
"72",4,5,94.3,85.1,692.3,15.9,17.7,37,3.6,0,0,5,0,0.946093476533177,2.82731362192903,3.63758615972639,0
"74",5,4,88.8,147.3,614.5,9,17.3,43,4.5,0,0,2,0,0.796109441657722,2.30258509299405,3.78418963391826,0
"75",5,4,93.3,141.2,713.9,13.9,27.6,30,1.3,0,0,5,0,0.918153498163136,2.70136121295141,3.43398720448515,0
"79",1,2,90.1,108,529.8,12.5,14.7,66,2.7,0,0,5,0,0.830747092842814,2.60268968544438,4.20469261939097,0
"80",1,2,91,121.2,561.6,7,21.6,19,6.7,0,0,2,0,0.855021873406793,2.07944154167984,2.99573227355399,0
"81",1,2,91.4,142.4,601.4,10.6,19.5,39,6.3,0,0,7,0,0.865888104848815,2.45100509811232,3.68887945411394,0
"82",1,2,90.2,99.6,631.2,6.3,17.9,44,2.2,0,0,7,0,0.833432376820908,1.98787434815435,3.80666248977032,0
"83",1,2,94.8,108.3,647.1,17,18.6,51,4.5,0,0,2,0,0.960175157849778,2.89037175789616,3.95124371858143,0
"84",1,2,92.1,111.2,654.1,9.6,16.6,47,0.9,0,0,3,0,0.885018680699004,2.36085400111802,3.87120101090789,0
"85",1,2,91.7,114.3,661.3,6.3,20.2,45,3.6,0,0,4,0,0.87406905229548,1.98787434815435,3.8286413964891,0
"86",1,2,92.9,137,706.4,9.2,21.5,15,0.9,0,0,4,0,0.907060903647922,2.32238772029023,2.77258872223978,0
"87",1,2,92.9,137,706.4,9.2,25.4,27,2.2,0,0,4,0,0.907060903647922,2.32238772029023,3.3322045101752,0
"88",1,2,92.9,137,706.4,9.2,22.4,34,2.2,0,0,4,0,0.907060903647922,2.32238772029023,3.55534806148941,0
"89",1,2,93.5,149.3,728.6,8.1,25.3,36,3.6,0,0,7,0,0.923717666174362,2.2082744135228,3.61091791264422,0
"91",6,5,90.2,96.9,624.2,8.9,14.7,59,5.8,0,0,6,0,0.833432376820908,2.29253475714054,4.0943445622221,0
"93",8,6,92.3,85.3,488,14.7,20.8,32,6.3,0,0,7,0,0.890511365671336,2.75366071235426,3.49650756146648,0
"94",8,6,91.4,142.4,601.4,10.6,18.2,43,4.9,0,0,7,0,0.865888104848815,2.45100509811232,3.78418963391826,0
"95",8,6,91.1,103.2,638.8,5.8,23.4,22,2.7,0,0,1,0,0.857733963571561,1.91692261218206,3.13549421592915,0
"96",4,4,89.7,90,704.4,4.8,17.8,64,1.3,0,0,7,0,0.820035741596787,1.75785791755237,4.17438726989564,0
"99",3,4,91.4,142.4,601.4,10.6,11.6,87,4.5,0,0,7,0,0.865888104848815,2.45100509811232,4.47733681447821,0
"100",3,4,91.4,142.4,601.4,10.6,19.8,39,5.4,0,0,7,0,0.865888104848815,2.45100509811232,3.68887945411394,0
"101",3,4,91.4,142.4,601.4,10.6,19.8,39,5.4,0,0,7,0,0.865888104848815,2.45100509811232,3.68887945411394,0
"102",3,4,88.8,147.3,614.5,9,14.4,66,5.4,0,0,2,0,0.796109441657722,2.30258509299405,4.20469261939097,0
"103",2,4,94.8,108.3,647.1,17,20.1,40,4,0,0,2,0,0.960175157849778,2.89037175789616,3.71357206670431,0
"104",2,4,92.5,121.1,674.4,8.6,24.1,29,4.5,0,0,6,0,0.896015964488192,2.26176309847379,3.40119738166216,0
"108",4,5,90.2,99.6,631.2,6.3,21.4,33,3.1,0,0,7,0,0.833432376820908,1.98787434815435,3.52636052461616,0
"109",4,5,92.5,88,698.6,7.1,20.3,45,3.1,0,0,6,0,0.896015964488192,2.09186406167839,3.8286413964891,0
"110",4,5,88.6,91.8,709.9,7.1,17.4,56,5.4,0,0,1,0,0.790825249274601,2.09186406167839,4.04305126783455,0
"113",3,4,89.7,90,704.4,4.8,22.8,39,3.6,0,0,7,0,0.820035741596787,1.75785791755237,3.68887945411394,0
"114",3,4,91.8,78.5,724.3,9.2,18.9,35,2.7,0,0,1,0,0.876801991703126,2.32238772029023,3.58351893845611,0
"120",3,4,93,75.3,466.6,7.7,19.6,36,3.1,0,0,4,0,0.909829584587736,2.16332302566054,3.61091791264422,0
"121",3,4,91.5,145.4,608.2,10.7,10.3,74,2.2,0,0,1,0,0.868612108868087,2.45958884180371,4.31748811353631,0
"122",3,4,91.5,145.4,608.2,10.7,17.1,43,5.4,0,0,1,0,0.868612108868087,2.45958884180371,3.78418963391826,0
"123",3,4,92.4,124.1,680.7,8.5,22.5,42,5.4,0,0,7,0,0.893262175849317,2.2512917986065,3.76120011569356,0
"124",3,4,84.4,73.4,671.9,3.2,17.9,45,3.1,0,0,2,0,0.682609318628209,1.43508452528932,3.8286413964891,0
"125",3,4,94.3,85.1,692.3,15.9,19.8,50,5.4,0,0,5,0,0.946093476533177,2.82731362192903,3.93182563272433,0
"128",3,5,93.5,149.3,728.6,8.1,17.2,43,3.1,0,0,5,0,0.923717666174362,2.2082744135228,3.78418963391826,0
"134",4,6,93.7,80.9,685.2,17.9,17.6,42,3.1,0,0,4,0,0.929293748018841,2.9391619220656,3.76120011569356,0
"136",3,5,93.5,139.4,594.2,20.3,17.6,52,5.8,0,0,6,0,0.923717666174362,3.05870707271538,3.97029191355212,0
"137",3,6,92.4,124.1,680.7,8.5,17.2,58,1.3,0,0,7,0,0.893262175849317,2.2512917986065,4.07753744390572,0
"138",3,6,90.9,126.5,686.5,7,15.6,66,3.1,0,0,1,0,0.85231276170625,2.07944154167984,4.20469261939097,0
"140",1,4,91,129.5,692.6,7,21.7,38,2.2,0,0.43,2,0.0511283436526436,0.855021873406793,2.07944154167984,3.66356164612965,0
"141",2,5,90.9,126.5,686.5,7,21.9,39,1.8,0,0.47,1,0.0550719480788434,0.85231276170625,2.07944154167984,3.68887945411394,0
"142",1,2,95.5,99.9,513.3,13.2,23.3,31,4.5,0,0.55,3,0.0626470497821904,0.980014606809284,2.65324196460721,3.46573590279973,0
"143",8,6,90.1,108,529.8,12.5,21.2,51,8.9,0,0.61,5,0.0680760539446227,0.830747092842814,2.60268968544438,3.95124371858143,0
"145",2,5,95.5,99.9,513.3,13.2,23.8,32,5.4,0,0.77,3,0.0816195815608251,0.980014606809284,2.65324196460721,3.49650756146648,0
"146",6,5,95.2,131.7,578.8,10.4,27.4,22,4,0,0.9,4,0.0917508270232124,0.971494115099878,2.43361335540045,3.13549421592915,0
"148",8,3,84.4,73.4,671.9,3.2,24.2,28,3.6,0,0.96,2,0.0961951205575611,0.682609318628209,1.43508452528932,3.36729582998647,0
"149",2,2,94.8,108.3,647.1,17,17.4,43,6.7,0,1.07,2,0.104000595548856,0.960175157849778,2.89037175789616,3.78418963391826,0
"150",8,6,93.7,80.9,685.2,17.9,23.7,25,4.5,0,1.12,4,0.107412370728842,0.929293748018841,2.9391619220656,3.25809653802148,0
"154",5,4,94.3,85.1,692.3,15.9,20.1,47,4.9,0,1.46,5,0.128674999234227,0.946093476533177,2.82731362192903,3.87120101090789,0
"155",1,5,93.4,145.4,721.4,8.1,29.6,27,2.7,0,1.46,6,0.128674999234227,0.920934092939476,2.2082744135228,3.3322045101752,0
"156",7,4,94.8,108.3,647.1,17,16.4,47,1.3,0,1.56,7,0.134370836155147,0.960175157849778,2.89037175789616,3.87120101090789,0
"157",2,4,93.4,145.4,721.4,8.1,28.6,27,2.2,0,1.61,6,0.137135846815937,0.920934092939476,2.2082744135228,3.3322045101752,0
"158",2,2,92.1,111.2,654.1,9.6,18.4,45,3.6,0,1.63,3,0.138227047490618,0.885018680699004,2.36085400111802,3.8286413964891,0
"159",2,4,92.1,111.2,654.1,9.6,20.5,35,4,0,1.64,3,0.138769539960443,0.885018680699004,2.36085400111802,3.58351893845611,0
"160",7,4,92.4,117.9,668,12.2,19,34,5.8,0,1.69,5,0.141451543479808,0.893262175849317,2.58021682959233,3.55534806148941,0
"162",6,4,95.2,131.7,578.8,10.4,20.3,41,4,0,1.9,4,0.152196773695799,0.971494115099878,2.43361335540045,3.73766961828337,0
"164",8,6,92.5,121.1,674.4,8.6,17.8,56,1.8,0,1.95,6,0.154640364724845,0.896015964488192,2.26176309847379,4.04305126783455,0
"165",8,5,89.7,90,704.4,4.8,17.8,67,2.2,0,2.01,7,0.157518581307102,0.820035741596787,1.75785791755237,4.21950770517611,0
"167",6,5,92.1,111.2,654.1,9.6,16.6,47,0.9,0,2.29,3,0.1702333214987,0.885018680699004,2.36085400111802,3.87120101090789,0
"168",6,5,96,127.1,570.5,16.5,23.4,33,4.5,0,2.51,3,0.179486036221104,0.994274995395866,2.86220088092947,3.52636052461616,0
"170",8,6,95.2,131.7,578.8,10.4,20.7,45,2.2,0,2.55,4,0.181105844989489,0.971494115099878,2.43361335540045,3.8286413964891,0
"171",5,4,92.9,133.3,699.6,9.2,21.9,35,1.8,0,2.57,3,0.181908917855802,0.907060903647922,2.32238772029023,3.58351893845611,0
"172",8,6,85.6,90.4,609.6,6.6,17.4,50,4,0,2.69,3,0.186634855518385,0.712992030265915,2.02814824729229,3.93182563272433,0
"173",7,4,91.4,142.4,601.4,10.6,20.1,39,5.4,0,2.74,7,0.188558795654451,0.865888104848815,2.45100509811232,3.68887945411394,0
"174",4,4,90.9,126.5,686.5,7,17.7,39,2.2,0,3.07,1,0.200645986290255,0.85231276170625,2.07944154167984,3.68887945411394,0
"175",1,4,90.2,96.9,624.2,8.9,14.2,53,1.8,0,3.5,6,0.215002741331192,0.833432376820908,2.29253475714054,3.98898404656427,0
"176",1,4,90.2,96.9,624.2,8.9,20.3,39,4.9,0,4.53,6,0.244465523728469,0.833432376820908,2.29253475714054,3.68887945411394,0
"178",2,5,90.2,99.6,631.2,6.3,19.2,44,2.7,0,4.69,7,0.248542708328436,0.833432376820908,1.98787434815435,3.80666248977032,0
"179",2,5,90.1,82.9,735.7,6.2,18.3,45,2.2,0,4.88,3,0.253238005604595,0.830747092842814,1.97408102602201,3.8286413964891,0
"180",8,6,88.8,147.3,614.5,9,14.4,66,5.4,0,5.23,2,0.261503116343135,0.796109441657722,2.30258509299405,4.20469261939097,0
"181",1,3,92.4,124.1,680.7,8.5,23.9,32,6.7,0,5.33,7,0.263779384094865,0.893262175849317,2.2512917986065,3.49650756146648,0
"185",8,6,93.9,135.7,586.7,15.1,20.8,34,4.9,0,6.96,5,0.296532560506504,0.934881743694709,2.77881927199042,3.55534806148941,0
"186",2,5,91,129.5,692.6,7,17.6,46,3.1,0,7.04,2,0.297962038361223,0.855021873406793,2.07944154167984,3.85014760171006,0
"188",1,5,90.9,126.5,686.5,7,21,42,2.2,0,7.3,1,0.302511518366685,0.85231276170625,2.07944154167984,3.76120011569356,0
"192",2,5,95.2,131.7,578.8,10.4,24.2,28,2.7,0,8.68,4,0.32449761748605,0.971494115099878,2.43361335540045,3.36729582998647,0
"193",2,2,94.8,108.3,647.1,17,24.6,22,4.5,0,8.71,2,0.324939948713366,0.960175157849778,2.89037175789616,3.13549421592915,0
"194",4,5,92.9,133.3,699.6,9.2,24.3,25,4,0,9.41,3,0.334890546952108,0.907060903647922,2.32238772029023,3.25809653802148,0
"195",2,2,94.8,108.3,647.1,17,24.6,22,4.5,0,10.01,2,0.342900854988878,0.960175157849778,2.89037175789616,3.13549421592915,0
"196",2,5,93.9,135.7,586.7,15.1,23.5,36,5.4,0,10.02,5,0.343030629481888,0.934881743694709,2.77881927199042,3.61091791264422,0
"198",4,5,92.9,137,706.4,9.2,21.5,15,0.9,0,11.06,4,0.355921894645381,0.907060903647922,2.32238772029023,2.77258872223978,0
"199",3,4,91,129.5,692.6,7,13.9,59,6.3,0,11.24,2,0.358039660701629,0.855021873406793,2.07944154167984,4.0943445622221,0
"200",2,4,63.5,70.8,665.3,0.8,22.6,38,3.6,0,11.32,1,0.358970912166119,0.222230697888471,0.587786664902119,3.66356164612965,0
"201",1,5,91,129.5,692.6,7,21.6,33,2.2,0,11.53,2,0.361386968456713,0.855021873406793,2.07944154167984,3.52636052461616,0
"206",4,5,92.9,137,706.4,9.2,22.1,34,1.8,0,14.57,4,0.392437858666426,0.907060903647922,2.32238772029023,3.55534806148941,0
"207",2,2,93.5,139.4,594.2,20.3,22.9,31,7.2,0,15.45,6,0.400296989709753,0.923717666174362,3.05870707271538,3.46573590279973,0
"208",7,5,91,129.5,692.6,7,20.7,37,2.2,0,17.2,2,0.414748335306642,0.855021873406793,2.07944154167984,3.63758615972639,0
"209",6,5,92.4,117.9,668,12.2,19.6,33,6.3,0,19.23,5,0.429864231075562,0.893262175849317,2.58021682959233,3.52636052461616,0
"210",8,3,93.7,80.9,685.2,17.9,23.2,26,4.9,0,23.41,4,0.456713351422618,0.929293748018841,2.9391619220656,3.29583686600433,0
"212",7,4,93.5,139.4,594.2,20.3,5.1,96,5.8,0,26,6,0.471128655141101,0.923717666174362,3.05870707271538,4.57471097850338,0
"213",7,4,94.3,85.1,692.3,15.9,20.1,47,4.9,0,26.13,5,0.47181526489459,0.946093476533177,2.82731362192903,3.87120101090789,0
"217",4,4,92.4,124.1,680.7,8.5,16.9,60,1.3,0,29.48,7,0.488458623221918,0.893262175849317,2.2512917986065,4.11087386417331,0
"218",1,3,88.6,91.8,709.9,7.1,12.4,73,6.3,0,30.32,1,0.492344789388723,0.790825249274601,2.09186406167839,4.30406509320417,0
"219",4,5,92.9,133.3,699.6,9.2,19.4,19,1.3,0,31.72,3,0.498595792581209,0.907060903647922,2.32238772029023,2.99573227355399,0
"221",8,6,90.2,99.6,631.2,6.3,16.2,59,3.1,0,32.07,7,0.500116746525087,0.833432376820908,1.98787434815435,4.0943445622221,0
"222",3,4,93.3,141.2,713.9,13.9,18.6,49,3.6,0,35.88,5,0.51570405365917,0.918153498163136,2.70136121295141,3.91202300542815,0
"225",7,4,90.1,82.9,735.7,6.2,15.4,57,4.5,0,37.71,3,0.522626752218304,0.830747092842814,1.97408102602201,4.06044301054642,0
"226",4,4,93.5,149.3,728.6,8.1,22.9,39,4.9,0,48.55,7,0.557918021527633,0.923717666174362,2.2082744135228,3.68887945411394,0
"228",8,6,92.2,81.8,480.8,11.9,20.1,34,4.5,0,58.3,6,0.58359509587497,0.887763533954487,2.55722731136763,3.55534806148941,0
"229",4,6,93.5,149.3,728.6,8.1,28.3,26,3.1,0,64.1,7,0.596934192081934,0.923717666174362,2.2082744135228,3.29583686600433,0
"230",8,6,92.2,81.8,480.8,11.9,16.4,43,4,0,71.3,6,0.61192922977223,0.887763533954487,2.55722731136763,3.78418963391826,0
"231",4,4,92.9,133.3,699.6,9.2,26.4,21,4.5,0,88.49,3,0.642420132573016,0.907060903647922,2.32238772029023,3.09104245335832,0
"232",1,5,93.5,149.3,728.6,8.1,27.8,27,3.1,0,95.18,7,0.652725802765939,0.923717666174362,2.2082744135228,3.3322045101752,0
"233",6,4,91,129.5,692.6,7,18.7,43,2.7,0,103.39,2,0.664434908457307,0.855021873406793,2.07944154167984,3.78418963391826,0
"234",9,4,84.4,73.4,671.9,3.2,24.3,36,3.1,0,105.66,2,0.667510021299931,0.682609318628209,1.43508452528932,3.61091791264422,0
"235",4,5,92.5,121.1,674.4,8.6,17.7,25,3.1,0,154.88,6,0.721749716368414,0.896015964488192,2.26176309847379,3.25809653802148,0
"236",8,6,91.4,142.4,601.4,10.6,19.6,41,5.8,0,196.48,7,0.755563852297201,0.865888104848815,2.45100509811232,3.73766961828337,0
"237",2,2,92.5,121.1,674.4,8.6,18.2,46,1.8,0,200.94,6,0.758756322926158,0.896015964488192,2.26176309847379,3.85014760171006,0
"238",1,2,91,129.5,692.6,7,18.8,40,2.2,0,212.88,2,0.766967816629388,0.855021873406793,2.07944154167984,3.71357206670431,0
"239",6,5,92.5,121.1,674.4,8.6,25.1,27,4,0,1090.84,6,1,0.896015964488192,2.26176309847379,3.3322045101752,0
"243",2,4,94.2,122.3,589.9,12.9,15.4,66,4,0,10.13,7,0.344450426739959,0.943286075638299,2.63188884013665,4.20469261939097,0
"244",7,4,91.8,175.1,700.7,13.8,21.9,73,7.6,1,0,7,0,0.876801991703126,2.69462718077007,4.30406509320417,0.693147180559945
"245",2,4,91.8,175.1,700.7,13.8,22.4,54,7.6,0,2.87,7,0.193443122911335,0.876801991703126,2.69462718077007,4.00733318523247,0
"246",3,4,91.8,175.1,700.7,13.8,26.8,38,6.3,0,0.76,7,0.080809683676285,0.876801991703126,2.69462718077007,3.66356164612965,0
"247",5,4,91.8,175.1,700.7,13.8,25.7,39,5.4,0,0.09,7,0.0123188081764579,0.876801991703126,2.69462718077007,3.68887945411394,0
"248",2,4,92.2,91.6,503.6,9.6,20.7,70,2.2,0,0.75,3,0.0799951709640829,0.887763533954487,2.36085400111802,4.26267987704132,0
"249",8,6,93.1,157.3,666.7,13.5,28.7,28,2.7,0,0,3,0,0.912601243987032,2.67414864942653,3.36729582998647,0
"250",3,4,93.1,157.3,666.7,13.5,21.7,40,0.4,0,2.47,3,0.177847661905074,0.912601243987032,2.67414864942653,3.71357206670431,0
"251",8,5,93.1,157.3,666.7,13.5,26.8,25,3.1,0,0.68,3,0.0741598058776363,0.912601243987032,2.67414864942653,3.25809653802148,0
"252",8,5,93.1,157.3,666.7,13.5,24,36,3.1,0,0.24,3,0.030749439096888,0.912601243987032,2.67414864942653,3.61091791264422,0
"253",6,5,93.1,157.3,666.7,13.5,22.1,37,3.6,0,0.21,3,0.0272485311974231,0.912601243987032,2.67414864942653,3.63758615972639,0
"254",7,4,91.9,109.2,565.5,8,21.4,38,2.7,0,1.52,4,0.132119662161794,0.879537909573086,2.19722457733622,3.66356164612965,0
"255",6,3,91.6,138.1,621.7,6.3,18.9,41,3.1,0,10.34,4,0.347122403492986,0.871339091350388,1.98787434815435,3.73766961828337,0
"256",2,5,87.5,77,694.8,5,22.3,46,4,0,0,4,0,0.761975151829254,1.79175946922805,3.85014760171006,0
"257",8,6,94.2,117.2,581.1,11,23.9,41,2.2,0,8.02,6,0.314403076759834,0.943286075638299,2.484906649788,3.73766961828337,0
"258",4,3,94.2,117.2,581.1,11,21.4,44,2.7,0,0.68,6,0.0741598058776363,0.943286075638299,2.484906649788,3.80666248977032,0
"259",3,4,91.8,170.9,692.3,13.7,20.6,59,0.9,0,0,6,0,0.876801991703126,2.68784749378469,4.0943445622221,0
"260",7,4,91.8,170.9,692.3,13.7,23.7,40,1.8,0,1.38,6,0.123949061571644,0.876801991703126,2.68784749378469,3.71357206670431,0
"261",2,4,93.6,97.9,542,14.4,28.3,32,4,0,8.85,1,0.32698625392252,0.926504217867561,2.73436750941958,3.49650756146648,0
"262",3,4,91.6,112.4,573,8.9,11.2,84,7.6,0,3.3,5,0.208504049791197,0.871339091350388,2.29253475714054,4.44265125649032,0
"263",2,4,91.6,112.4,573,8.9,21.4,42,3.1,0,4.25,5,0.237038056011117,0.871339091350388,2.29253475714054,3.76120011569356,0
"264",6,3,91.1,141.1,629.1,7.1,19.3,39,3.6,0,1.56,5,0.134370836155147,0.857733963571561,2.09186406167839,3.68887945411394,0
"265",4,4,94.3,167.6,684.4,13,21.8,53,3.1,0,6.54,5,0.288783880512607,0.946093476533177,2.63905732961526,3.98898404656427,0
"266",4,4,93.7,102.2,550.3,14.6,22.1,54,7.6,0,0.79,2,0.0832257399668785,0.929293748018841,2.74727091425549,4.00733318523247,0
"267",6,5,94.3,131.7,607.1,22.7,19.4,55,4,0,0.17,2,0.0224431511740701,0.946093476533177,3.16547504814109,4.02535169073515,0
"268",2,2,92.1,152.6,658.2,14.3,23.7,24,3.1,0,0,2,0,0.885018680699004,2.72785282839839,3.2188758248682,0
"269",3,4,92.1,152.6,658.2,14.3,21,32,3.1,0,0,2,0,0.885018680699004,2.72785282839839,3.49650756146648,0
"270",4,4,92.1,152.6,658.2,14.3,19.1,53,2.7,0,4.4,2,0.241064986930048,0.885018680699004,2.72785282839839,3.98898404656427,0
"271",2,2,92.1,152.6,658.2,14.3,21.8,56,3.1,0,0.52,2,0.0598532163379101,0.885018680699004,2.72785282839839,4.04305126783455,0
"272",8,6,92.1,152.6,658.2,14.3,20.1,58,4.5,0,9.27,2,0.332955070266497,0.885018680699004,2.72785282839839,4.07753744390572,0
"273",2,5,92.1,152.6,658.2,14.3,20.2,47,4,0,3.09,2,0.201346706292582,0.885018680699004,2.72785282839839,3.87120101090789,0
"306",1,4,89.6,84.1,714.3,5.7,19,52,2.2,0,0,7,0,0.817365349953079,1.90210752639692,3.97029191355212,0
"307",7,4,89.6,84.1,714.3,5.7,17.1,53,5.4,0,0.41,7,0.049114978055899,0.817365349953079,1.90210752639692,3.98898404656427,0
"308",3,4,89.6,84.1,714.3,5.7,23.8,35,3.6,0,5.18,7,0.260351243919929,0.817365349953079,1.90210752639692,3.58351893845611,0
"309",2,4,92.4,105.8,758.1,9.9,16,45,1.8,0,0,7,0,0.893262175849317,2.3887627892351,3.8286413964891,0
"310",2,4,92.4,105.8,758.1,9.9,24.9,27,2.2,0,0,7,0,0.893262175849317,2.3887627892351,3.3322045101752,0
"311",7,4,92.4,105.8,758.1,9.9,25.3,27,2.7,0,0,7,0,0.893262175849317,2.3887627892351,3.3322045101752,0
"312",6,3,92.4,105.8,758.1,9.9,24.8,28,1.8,0,14.29,7,0.389843811694663,0.893262175849317,2.3887627892351,3.36729582998647,0
"313",2,4,50.4,46.2,706.6,0.4,12.2,78,6.3,0,0,7,0,0,0.336472236621213,4.36944785246702,0
"314",6,5,92.6,115.4,777.1,8.8,24.3,27,4.9,0,0,3,0,0.898772731587725,2.28238238567653,3.3322045101752,0
"315",4,4,92.6,115.4,777.1,8.8,19.7,41,1.8,0,1.58,3,0.135483266627177,0.898772731587725,2.28238238567653,3.73766961828337,0
"316",3,4,91.2,134.7,817.5,7.2,18.5,30,2.7,0,0,3,0,0.860449032200313,2.10413415427021,3.43398720448515,0
"317",4,5,92.4,96.2,739.4,8.6,18.6,24,5.8,0,0,4,0,0.893262175849317,2.26176309847379,3.2188758248682,0
"318",4,4,92.4,96.2,739.4,8.6,19.2,24,4.9,0,3.78,4,0.223631448001823,0.893262175849317,2.26176309847379,3.2188758248682,0
"319",6,5,92.8,119,783.5,7.5,21.6,27,2.2,0,0,4,0,0.904295201167826,2.14006616349627,3.3322045101752,0
"320",5,4,92.8,119,783.5,7.5,21.6,28,6.3,0,4.41,4,0.241329458040146,0.904295201167826,2.14006616349627,3.36729582998647,0
"321",6,3,92.8,119,783.5,7.5,18.9,34,7.2,0,34.36,4,0.509687694398299,0.904295201167826,2.14006616349627,3.55534806148941,0
"322",1,4,92.8,119,783.5,7.5,16.8,28,4,0,7.21,4,0.300953030066579,0.904295201167826,2.14006616349627,3.36729582998647,0
"323",6,5,92.8,119,783.5,7.5,16.8,28,4,0,1.01,4,0.0997959808354718,0.904295201167826,2.14006616349627,3.36729582998647,0
"324",3,5,90.7,136.9,822.8,6.8,12.9,39,2.7,0,2.18,4,0.165372227013,0.846903473698797,2.05412373369555,3.68887945411394,0
"325",6,5,88.1,53.3,726.9,5.4,13.7,56,1.8,0,4.42,4,0.241593440745331,0.777666891547056,1.85629799036563,4.04305126783455,0
"326",1,4,92.2,102.3,751.5,8.4,24.2,27,3.1,0,0,6,0,0.887763533954487,2.24070968927596,3.3322045101752,0
"327",5,4,92.2,102.3,751.5,8.4,24.1,27,3.1,0,0,6,0,0.887763533954487,2.24070968927596,3.3322045101752,0
"328",6,5,92.2,102.3,751.5,8.4,21.2,32,2.2,0,0,6,0,0.887763533954487,2.24070968927596,3.49650756146648,0
"329",6,5,92.2,102.3,751.5,8.4,19.7,35,1.8,0,0,6,0,0.887763533954487,2.24070968927596,3.58351893845611,0
"330",4,3,92.2,102.3,751.5,8.4,23.5,27,4,0,3.33,6,0.209497888748595,0.887763533954487,2.24070968927596,3.3322045101752,0
"331",3,3,92.2,102.3,751.5,8.4,24.2,27,3.1,0,6.58,6,0.289540213463471,0.887763533954487,2.24070968927596,3.3322045101752,0
"332",7,4,91.2,124.4,795.3,8.5,21.5,28,4.5,0,15.64,6,0.401938582420133,0.860449032200313,2.2512917986065,3.36729582998647,0
"333",4,4,91.2,124.4,795.3,8.5,17.1,41,2.2,0,11.22,6,0.357805896799603,0.860449032200313,2.2512917986065,3.73766961828337,0
"334",1,4,92.1,87.7,721.1,9.5,18.1,54,3.1,0,2.13,1,0.163106781907547,0.885018680699004,2.35137525716348,4.00733318523247,0
"335",2,3,91.6,108.4,764,6.2,18,51,5.4,0,0,1,0,0.871339091350388,1.97408102602201,3.95124371858143,0
"336",4,3,91.6,108.4,764,6.2,9.8,86,1.8,0,0,1,0,0.871339091350388,1.97408102602201,4.46590811865458,0
"337",7,4,91.6,108.4,764,6.2,19.3,44,2.2,0,0,1,0,0.871339091350388,1.97408102602201,3.80666248977032,0
"338",6,3,91.6,108.4,764,6.2,23,34,2.2,0,56.04,1,0.578040687262411,0.871339091350388,1.97408102602201,3.55534806148941,0
"339",8,6,91.6,108.4,764,6.2,22.7,35,2.2,0,7.48,1,0.305578428254594,0.871339091350388,1.97408102602201,3.58351893845611,0
"340",2,4,91.6,108.4,764,6.2,20.4,41,1.8,0,1.47,1,0.129254905077145,0.871339091350388,1.97408102602201,3.73766961828337,0
"341",2,5,91.6,108.4,764,6.2,19.3,44,2.2,0,3.93,1,0.228048274988663,0.871339091350388,1.97408102602201,3.80666248977032,0
"342",8,6,91.9,111.7,770.3,6.5,15.7,51,2.2,0,0,1,0,0.879537909573086,2.01490302054226,3.95124371858143,0
"343",6,3,91.5,130.1,807.1,7.5,20.6,37,1.8,0,0,1,0,0.868612108868087,2.14006616349627,3.63758615972639,0
"344",8,6,91.5,130.1,807.1,7.5,15.9,51,4.5,0,2.18,1,0.165372227013,0.868612108868087,2.14006616349627,3.95124371858143,0
"345",6,3,91.5,130.1,807.1,7.5,12.2,66,4.9,0,6.1,1,0.280188873752365,0.868612108868087,2.14006616349627,4.20469261939097,0
"346",2,2,91.5,130.1,807.1,7.5,16.8,43,3.1,0,5.83,1,0.274646818503438,0.868612108868087,2.14006616349627,3.78418963391826,0
"347",1,4,91.5,130.1,807.1,7.5,21.3,35,2.2,0,28.19,1,0.48227696265889,0.868612108868087,2.14006616349627,3.58351893845611,0
"348",5,4,92.1,99,745.3,9.6,10.1,75,3.6,0,0,5,0,0.885018680699004,2.36085400111802,4.33073334028633,0
"349",3,4,92.1,99,745.3,9.6,17.4,57,4.5,0,0,5,0,0.885018680699004,2.36085400111802,4.06044301054642,0
"350",5,4,92.1,99,745.3,9.6,12.8,64,3.6,0,1.64,5,0.138769539960443,0.885018680699004,2.36085400111802,4.17438726989564,0
"351",5,4,92.1,99,745.3,9.6,10.1,75,3.6,0,3.71,5,0.221522608575874,0.885018680699004,2.36085400111802,4.33073334028633,0
"352",4,4,92.1,99,745.3,9.6,15.4,53,6.3,0,7.31,5,0.302683639512384,0.885018680699004,2.36085400111802,3.98898404656427,0
"353",7,4,92.1,99,745.3,9.6,20.6,43,3.6,0,2.03,5,0.15846525095398,0.885018680699004,2.36085400111802,3.78418963391826,0
"354",7,4,92.1,99,745.3,9.6,19.8,47,2.7,0,1.72,5,0.143036919370437,0.885018680699004,2.36085400111802,3.87120101090789,0
"355",7,4,92.1,99,745.3,9.6,18.7,50,2.2,0,5.97,5,0.27754728369111,0.885018680699004,2.36085400111802,3.93182563272433,0
"356",4,4,92.1,99,745.3,9.6,20.8,35,4.9,0,13.06,5,0.377855576477632,0.885018680699004,2.36085400111802,3.58351893845611,0
"357",4,4,92.1,99,745.3,9.6,20.8,35,4.9,0,1.26,5,0.116553623115961,0.885018680699004,2.36085400111802,3.58351893845611,0
"358",6,3,92.5,122,789.7,10.2,15.9,55,3.6,0,0,5,0,0.896015964488192,2.41591377830105,4.02535169073515,0
"359",6,3,92.5,122,789.7,10.2,19.7,39,2.7,0,0,5,0,0.896015964488192,2.41591377830105,3.68887945411394,0
"360",1,4,92.5,122,789.7,10.2,21.1,39,2.2,0,8.12,5,0.31597913014782,0.896015964488192,2.41591377830105,3.68887945411394,0
"361",6,5,92.5,122,789.7,10.2,18.4,42,2.2,0,1.09,5,0.105375092621924,0.896015964488192,2.41591377830105,3.76120011569356,0
"362",4,3,92.5,122,789.7,10.2,17.3,45,4,0,3.94,5,0.22833793384002,0.896015964488192,2.41591377830105,3.8286413964891,0
"363",7,4,88.2,55.2,732.3,11.6,15.2,64,3.1,0,0.52,5,0.0598532163379101,0.780292606150978,2.53369681395743,4.17438726989564,0
"364",4,3,91.9,111.7,770.3,6.5,15.9,53,2.2,0,2.93,2,0.195642344661982,0.879537909573086,2.01490302054226,3.98898404656427,0
"365",6,5,91.9,111.7,770.3,6.5,21.1,35,2.7,0,5.65,2,0.270829026750171,0.879537909573086,2.01490302054226,3.58351893845611,0
"366",6,5,91.9,111.7,770.3,6.5,19.6,45,3.1,0,20.03,2,0.435408177232098,0.879537909573086,2.01490302054226,3.8286413964891,0
"367",4,5,91.1,132.3,812.1,12.5,15.9,38,5.4,0,1.75,2,0.14460490504689,0.857733963571561,2.60268968544438,3.66356164612965,0
"368",4,5,91.1,132.3,812.1,12.5,16.4,27,3.6,0,0,2,0,0.857733963571561,2.60268968544438,3.3322045101752,0
"369",6,5,91.2,94.3,744.4,8.4,16.8,47,4.9,0,12.64,6,0.373520401669529,0.860449032200313,2.24070968927596,3.87120101090789,0
"370",4,5,91,276.3,825.1,7.1,13.8,77,7.6,0,0,7,0,0.855021873406793,2.09186406167839,4.35670882668959,0
"371",7,4,91,276.3,825.1,7.1,13.8,77,7.6,0,11.06,7,0.355921894645381,0.855021873406793,2.09186406167839,4.35670882668959,0
"373",4,5,92,203.2,664.5,8.1,10.4,75,0.9,0,0,7,0,0.882276805905125,2.2082744135228,4.33073334028633,0
"374",5,4,94.8,222.4,698.6,13.9,20.3,42,2.7,0,0,4,0,0.960175157849778,2.70136121295141,3.76120011569356,0
"375",6,5,90.3,290,855.3,7.4,10.3,78,4,0,18.3,5,0.423136942030602,0.836120639265151,2.12823170584927,4.36944785246702,0
"376",6,5,91.2,94.3,744.4,8.4,15.4,57,4.9,0,39.35,6,0.528558096737895,0.860449032200313,2.24070968927596,4.06044301054642,0
"377",8,6,92.1,207,672.6,8.2,21.1,54,2.2,0,0,1,0,0.885018680699004,2.21920348405499,4.00733318523247,0
"378",2,2,93.7,231.1,715.1,8.4,21.9,42,2.2,0,174.63,6,0.738802248574368,0.929293748018841,2.24070968927596,3.76120011569356,0
"382",8,6,90.7,194.1,643,6.8,16.2,63,2.7,0,16.33,4,0.407746455133337,0.846903473698797,2.05412373369555,4.15888308335967,0
"383",8,6,95.2,217.7,690,18,28.2,29,1.8,0,5.86,3,0.27527332028452,0.971494115099878,2.94443897916644,3.40119738166216,0
"384",9,6,91.6,248.4,753.8,6.3,20.5,58,2.7,0,42.87,4,0.540514052741879,0.871339091350388,1.98787434815435,4.07753744390572,0
"385",8,4,91.6,273.8,819.1,7.7,21.3,44,4.5,0,12.18,6,0.368616458176621,0.871339091350388,2.16332302566054,3.80666248977032,0
"386",2,4,91.6,181.3,613,7.6,20.9,50,2.2,0,16,7,0.404998198266793,0.871339091350388,2.15176220325946,3.93182563272433,0
"387",3,4,90.5,96.7,750.5,11.4,20.6,55,5.4,0,24.59,7,0.463461683706904,0.841506099551122,2.51769647261099,4.02535169073515,0
"389",6,4,94.8,227,706.7,12,23.3,34,3.1,0,28.74,5,0.484945311878185,0.960175157849778,2.56494935746154,3.55534806148941,0
"390",7,4,94.8,227,706.7,12,23.3,34,3.1,0,0,5,0,0.960175157849778,2.56494935746154,3.55534806148941,0
"392",8,6,91.1,91.3,738.1,7.2,20.7,46,2.7,0,30.18,5,0.491704387575466,0.857733963571561,2.10413415427021,3.85014760171006,0
"393",1,3,91,276.3,825.1,7.1,21.9,43,4,0,70.76,7,0.610857571818311,0.855021873406793,2.09186406167839,3.78418963391826,0
"397",4,3,90.5,96.7,750.5,11.4,20.4,55,4.9,0,3.64,7,0.219382191773373,0.841506099551122,2.51769647261099,4.02535169073515,0
"398",5,6,91.6,181.3,613,7.6,24.3,33,3.6,0,3.63,7,0.219073784762194,0.871339091350388,2.15176220325946,3.52636052461616,0
"399",1,2,93.7,231.1,715.1,8.4,25.9,32,3.1,0,0,6,0,0.929293748018841,2.24070968927596,3.49650756146648,0
"402",3,4,91.1,88.2,731.7,8.3,22.8,46,4,0,4.95,4,0.254929701019822,0.857733963571561,2.23001440015921,3.85014760171006,0
"403",9,9,94.8,227,706.7,12,25,36,4,0,0,5,0,0.960175157849778,2.56494935746154,3.61091791264422,0
"404",8,6,90.7,194.1,643,6.8,21.3,41,3.6,0,0,4,0,0.846903473698797,2.05412373369555,3.73766961828337,0
"405",2,4,87.9,84.8,725.1,3.7,21.8,34,2.2,0,6.04,3,0.278975741202036,0.772424397753325,1.54756250871601,3.55534806148941,0
"406",2,2,94.6,212.1,680.9,9.5,27.9,27,2.2,0,0,2,0,0.95453354995562,2.35137525716348,3.3322045101752,0
"407",6,5,87.1,291.3,860.6,4,17,67,4.9,0,3.95,6,0.228627006929903,0.751573561469646,1.6094379124341,4.21950770517611,0
"409",4,3,90.3,290,855.3,7.4,19.9,44,3.1,0,7.8,5,0.310873351887339,0.836120639265151,2.12823170584927,3.80666248977032,0
"414",7,5,93.7,231.1,715.1,8.4,26.4,33,3.6,0,0,6,0,0.929293748018841,2.24070968927596,3.52636052461616,0
"415",5,4,93.6,235.1,723.1,10.1,24.1,50,4,0,0,7,0,0.926504217867561,2.40694510831829,3.93182563272433,0
"416",8,6,94.8,222.4,698.6,13.9,27.5,27,4.9,0,746.28,4,0.94579755644795,0.960175157849778,2.70136121295141,3.3322045101752,0
"419",2,4,92,203.2,664.5,8.1,24.9,42,5.4,0,2.44,7,0.176606439105895,0.882276805905125,2.2082744135228,3.76120011569356,0
"420",2,5,91.6,181.3,613,7.6,24.8,36,4,0,3.05,7,0.19994181445133,0.871339091350388,2.15176220325946,3.61091791264422,0
"421",8,8,91.7,191.4,635.9,7.8,26.2,36,4.5,0,185.76,3,0.747585582140103,0.87406905229548,2.17475172148416,3.61091791264422,0
"422",2,4,95.2,217.7,690,18,30.8,19,4.5,0,0,3,0,0.971494115099878,2.94443897916644,2.99573227355399,0
"424",1,3,91.2,94.3,744.4,8.4,22.3,48,4,0,0.72,6,0.0775234103430192,0.860449032200313,2.24070968927596,3.89182029811063,0
"425",8,6,93.7,231.1,715.1,8.4,26.9,31,3.6,0,4.96,6,0.255169745734892,0.929293748018841,2.24070968927596,3.46573590279973,0
"426",2,2,91.6,248.4,753.8,6.3,20.4,56,2.2,0,0,4,0,0.871339091350388,1.98787434815435,4.04305126783455,0
"427",8,6,91.6,248.4,753.8,6.3,20.4,56,2.2,0,0,4,0,0.871339091350388,1.98787434815435,4.04305126783455,0
"428",2,4,92.1,207,672.6,8.2,27.9,33,2.2,0,2.35,1,0.172816763999492,0.885018680699004,2.21920348405499,3.52636052461616,0
"429",1,3,94.8,222.4,698.6,13.9,26.2,34,5.8,0,0,4,0,0.960175157849778,2.70136121295141,3.55534806148941,0
"430",3,4,91.6,181.3,613,7.6,24.6,44,4,0,3.2,7,0.205140445325814,0.871339091350388,2.15176220325946,3.80666248977032,0
"431",7,4,89.7,287.2,849.3,6.8,19.4,45,3.6,0,0,4,0,0.820035741596787,2.05412373369555,3.8286413964891,0
"432",1,3,92.1,178,605.3,9.6,23.3,40,4,0,6.36,6,0.285329969269167,0.885018680699004,2.36085400111802,3.71357206670431,0
"433",8,6,94.8,222.4,698.6,13.9,23.9,38,6.7,0,0,4,0,0.960175157849778,2.70136121295141,3.66356164612965,0
"434",2,4,93.6,235.1,723.1,10.1,20.9,66,4.9,0,15.34,7,0.399337905577285,0.926504217867561,2.40694510831829,4.20469261939097,0
"435",1,4,90.6,269.8,811.2,5.5,22.2,45,3.6,0,0,5,0,0.844203297392366,1.87180217690159,3.8286413964891,0
"437",8,6,92.1,207,672.6,8.2,26.8,35,1.3,0,0.54,1,0.0617218258774921,0.885018680699004,2.21920348405499,3.58351893845611,0
"438",8,6,89.4,253.6,768.4,9.7,14.2,73,2.7,0,0,6,0,0.812033502068725,2.37024374146786,4.30406509320417,0
"439",2,5,93.7,231.1,715.1,8.4,23.6,53,4,0,6.43,6,0.286683091150534,0.929293748018841,2.24070968927596,3.98898404656427,0
"440",1,3,91.1,91.3,738.1,7.2,19.1,46,2.2,0,0.33,5,0.0407653585391173,0.857733963571561,2.10413415427021,3.85014760171006,0
"441",5,4,90.3,290,855.3,7.4,16.2,58,3.6,0,0,5,0,0.836120639265151,2.12823170584927,4.07753744390572,0
"442",8,6,92.1,207,672.6,8.2,25.5,29,1.8,0,1.23,1,0.114643395212259,0.885018680699004,2.21920348405499,3.40119738166216,0
"445",2,5,90.3,290,855.3,7.4,16.2,58,3.6,0,9.96,5,0.342250209376561,0.836120639265151,2.12823170584927,4.07753744390572,0
"446",5,5,94,47.9,100.7,10.7,17.3,80,4.5,0,0,7,0,0.937680209218833,2.45958884180371,4.39444915467244,0
"447",6,5,92,203.2,664.5,8.1,19.1,70,2.2,0,0,7,0,0.882276805905125,2.2082744135228,4.26267987704132,0
"449",7,4,89.7,284.9,844,10.1,10.5,77,4,0,0,3,0,0.820035741596787,2.40694510831829,4.35670882668959,0
"450",7,4,91.6,181.3,613,7.6,19.3,61,4.9,0,0,7,0,0.871339091350388,2.15176220325946,4.12713438504509,0
"451",4,5,95.2,217.7,690,18,23.4,49,5.4,0,6.43,3,0.286683091150534,0.971494115099878,2.94443897916644,3.91202300542815,0
"452",1,4,90.5,196.8,649.9,16.3,11.8,88,4.9,0,9.71,5,0.338951802902836,0.841506099551122,2.85070650150373,4.48863636973214,0
"453",7,4,91.5,238.2,730.6,7.5,17.7,65,4,0,0,1,0,0.868612108868087,2.14006616349627,4.18965474202643,0
"454",4,5,89.4,266.2,803.3,5.6,17.4,54,3.1,0,0,4,0,0.812033502068725,1.88706964903238,4.00733318523247,0
"455",3,4,91.6,248.4,753.8,6.3,16.8,56,3.1,0,0,4,0,0.871339091350388,1.98787434815435,4.04305126783455,0
"457",2,4,91.6,248.4,753.8,6.3,16.6,59,2.7,0,0,4,0,0.871339091350388,1.98787434815435,4.0943445622221,0
"458",1,4,91.7,191.4,635.9,7.8,19.9,50,4,0,82.75,3,0.632944100421599,0.87406905229548,2.17475172148416,3.93182563272433,0
"459",8,6,93.7,231.1,715.1,8.4,18.9,64,4.9,0,3.32,6,0.209167376244745,0.929293748018841,2.24070968927596,4.17438726989564,0
"460",7,4,91.6,273.8,819.1,7.7,15.5,72,8,0,1.94,6,0.154154976841719,0.871339091350388,2.16332302566054,4.29045944114839,0
"461",2,5,93.7,231.1,715.1,8.4,18.9,64,4.9,0,0,6,0,0.929293748018841,2.24070968927596,4.17438726989564,0
"462",8,6,93.7,231.1,715.1,8.4,18.9,64,4.9,0,0,6,0,0.929293748018841,2.24070968927596,4.17438726989564,0
"463",1,4,91,276.3,825.1,7.1,14.5,76,7.6,0,3.71,7,0.221522608575874,0.855021873406793,2.09186406167839,4.34380542185368,0
"483",3,4,94.9,130.3,587.1,14.1,23.4,40,5.8,0,1.29,7,0.118438660466195,0.963000429479925,2.71469474382088,3.71357206670431,0
"484",8,6,94.9,130.3,587.1,14.1,31,27,5.4,0,0,7,0,0.963000429479925,2.71469474382088,3.3322045101752,0
"485",2,5,94.9,130.3,587.1,14.1,33.1,25,4,0,26.43,7,0.473387274075693,0.963000429479925,2.71469474382088,3.25809653802148,0
"486",2,4,95,135.5,596.3,21.3,30.6,28,3.6,0,2.07,1,0.160339987257562,0.965828679565144,3.10458667846607,3.36729582998647,0
"487",5,4,95.1,141.3,605.8,17.7,24.1,43,6.3,0,2,2,0.157042885047034,0.968659908105205,2.92852352386054,3.78418963391826,0
"488",5,4,95.1,141.3,605.8,17.7,26.4,34,3.6,0,16.4,2,0.408322687505709,0.968659908105205,2.92852352386054,3.55534806148941,0
"489",4,4,95.1,141.3,605.8,17.7,19.4,71,7.6,0,46.7,2,0.552478780271088,0.968659908105205,2.92852352386054,4.27666611901606,0
"490",4,4,95.1,141.3,605.8,17.7,20.6,58,1.3,0,0,3,0,0.968659908105205,2.92852352386054,4.07753744390572,0
"491",4,4,95.1,141.3,605.8,17.7,28.7,33,4,0,0,3,0,0.968659908105205,2.92852352386054,3.52636052461616,0
"492",4,4,95.8,152,624.1,13.8,32.4,21,4.5,0,0,4,0,0.988561904601966,2.69462718077007,3.09104245335832,0
"493",1,3,95.9,158,633.6,11.3,32.4,27,2.2,0,0,5,0,0.991416960772523,2.50959926237837,3.3322045101752,0
"494",1,3,95.9,158,633.6,11.3,27.5,29,4.5,0,43.32,5,0.541972869516853,0.991416960772523,2.50959926237837,3.40119738166216,0
"495",6,6,96,164,643,14,30.8,30,4.9,0,8.59,6,0.323162351577768,0.994274995395866,2.70805020110221,3.43398720448515,0
"496",6,6,96.2,175.5,661.8,16.8,23.9,42,2.2,0,0,1,0,1,2.87919845729804,3.76120011569356,0
"497",4,5,96.2,175.5,661.8,16.8,32.6,26,3.1,0,2.77,1,0.189700851749731,1,2.87919845729804,3.29583686600433,0
"498",3,4,96.1,181.1,671.2,14.3,32.3,27,2.2,0,14.68,2,0.393444206846188,0.997136008471767,2.72785282839839,3.3322045101752,0
"499",6,5,96.1,181.1,671.2,14.3,33.3,26,2.7,0,40.54,2,0.532712900070309,0.997136008471767,2.72785282839839,3.29583686600433,0
"500",7,5,96.1,181.1,671.2,14.3,27.3,63,4.9,6.4,10.82,2,0.353048499521376,0.997136008471767,2.72785282839839,4.15888308335967,2.00148000021012
"501",8,6,96.1,181.1,671.2,14.3,21.6,65,4.9,0.8,0,2,0,0.997136008471767,2.72785282839839,4.18965474202643,0.587786664902119
"502",7,5,96.1,181.1,671.2,14.3,21.6,65,4.9,0.8,0,2,0,0.997136008471767,2.72785282839839,4.18965474202643,0.587786664902119
"503",4,4,96.1,181.1,671.2,14.3,20.7,69,4.9,0.4,0,2,0,0.997136008471767,2.72785282839839,4.24849524204936,0.336472236621213
"504",2,4,94.5,139.4,689.1,20,29.2,30,4.9,0,1.95,3,0.154640364724845,0.951717213692069,3.04452243772342,3.43398720448515,0
"505",4,3,94.5,139.4,689.1,20,28.9,29,4.9,0,49.59,3,0.560887260657268,0.951717213692069,3.04452243772342,3.40119738166216,0
"506",1,2,91,163.2,744.4,10.1,26.7,35,1.8,0,5.8,4,0.274017558818615,0.855021873406793,2.40694510831829,3.58351893845611,0
"507",1,2,91,166.9,752.6,7.1,18.5,73,8.5,0,0,5,0,0.855021873406793,2.09186406167839,4.30406509320417,0
"508",2,4,91,166.9,752.6,7.1,25.9,41,3.6,0,0,5,0,0.855021873406793,2.09186406167839,3.73766961828337,0
"509",1,2,91,166.9,752.6,7.1,25.9,41,3.6,0,0,5,0,0.855021873406793,2.09186406167839,3.73766961828337,0
"510",5,4,91,166.9,752.6,7.1,21.1,71,7.6,1.4,2.17,5,0.164922001147167,0.855021873406793,2.09186406167839,4.27666611901606,0.8754687373539
"511",6,5,91,166.9,752.6,7.1,18.2,62,5.4,0,0.43,5,0.0511283436526436,0.855021873406793,2.09186406167839,4.14313472639153,0
"512",8,6,81.6,56.7,665.6,1.9,27.8,35,2.7,0,0,7,0,0.613384274748922,1.06471073699243,3.58351893845611,0
"513",4,3,81.6,56.7,665.6,1.9,27.8,32,2.7,0,6.44,7,0.286875352906797,0.613384274748922,1.06471073699243,3.49650756146648,0
"514",2,4,81.6,56.7,665.6,1.9,21.9,71,5.8,0,54.29,7,0.573586369071217,0.613384274748922,1.06471073699243,4.27666611901606,0
"515",7,4,81.6,56.7,665.6,1.9,21.2,70,6.7,0,11.16,7,0.357102302626537,0.613384274748922,1.06471073699243,4.26267987704132,0
"516",1,4,94.4,146,614.7,11.3,25.6,42,4,0,0,6,0,0.948903855884511,2.50959926237837,3.76120011569356,0
